nome,data,telefone,email,foto
Lucas Barbosa,2003-01-09,11942698030,lucas.barbosa@exemplo.com,https://randomuser.me/api/portraits/men/26.jpg
Bruno Fernandes,1988-01-12,11916293738,bruno.fernandes@exemplo.com,https://randomuser.me/api/portraits/men/1.jpg
Zara Gomes,1980-01-04,11975937361,zara.gomes@exemplo.com,https://randomuser.me/api/portraits/women/39.jpg
Quintino Gomes,1986-01-14,11946221791,quintino.gomes@exemplo.com,https://randomuser.me/api/portraits/men/82.jpg
Thiago Soares,1997-01-03,11949469201,thiago.soares@exemplo.com,https://randomuser.me/api/portraits/men/28.jpg
Quintino Vieira,2002-01-09,11941930621,quintino.vieira@exemplo.com,https://randomuser.me/api/portraits/men/15.jpg
Thiago Rodrigues,2000-01-01,11993053981,thiago.rodrigues@exemplo.com,https://randomuser.me/api/portraits/men/81.jpg
Karla Vieira,1992-01-12,11937276435,karla.vieira@exemplo.com,https://randomuser.me/api/portraits/women/66.jpg
Ursula Souza,1986-01-16,11914358417,ursula.souza@exemplo.com,https://randomuser.me/api/portraits/women/9.jpg
Julia Oliveira,1996-01-20,11999549744,julia.oliveira@exemplo.com,https://randomuser.me/api/portraits/women/19.jpg
Julia Oliveira,1987-02-18,11980066370,julia.oliveira@exemplo.com,https://randomuser.me/api/portraits/women/17.jpg
Eduardo Martins,1997-02-16,11982203752,eduardo.martins@exemplo.com,https://randomuser.me/api/portraits/men/51.jpg
Carlos Fernandes,1982-02-20,11932432155,carlos.fernandes@exemplo.com,https://randomuser.me/api/portraits/men/30.jpg
Igor Lima,2001-02-24,11996336666,igor.lima@exemplo.com,https://randomuser.me/api/portraits/men/52.jpg
Vinicius Silva,2002-02-18,11913116834,vinicius.silva@exemplo.com,https://randomuser.me/api/portraits/men/51.jpg
Julia Lima,1987-02-19,11921533065,julia.lima@exemplo.com,https://randomuser.me/api/portraits/women/13.jpg
Wagner Silva,1980-02-28,11912407871,wagner.silva@exemplo.com,https://randomuser.me/api/portraits/men/72.jpg
Eduardo Rodrigues,1986-02-14,11988310566,eduardo.rodrigues@exemplo.com,https://randomuser.me/api/portraits/men/85.jpg
Carlos Gomes,1994-02-25,11988318160,carlos.gomes@exemplo.com,https://randomuser.me/api/portraits/men/1.jpg
Igor Almeida,1987-02-12,11934943846,igor.almeida@exemplo.com,https://randomuser.me/api/portraits/men/99.jpg
Bruno Ribeiro,1982-03-22,11966778158,bruno.ribeiro@exemplo.com,https://randomuser.me/api/portraits/men/38.jpg
Carlos Ferreira,2004-03-17,11965161283,carlos.ferreira@exemplo.com,https://randomuser.me/api/portraits/men/85.jpg
Igor Gomes,1983-03-06,11969827083,igor.gomes@exemplo.com,https://randomuser.me/api/portraits/men/17.jpg
Amanda Lopes,1982-03-12,11990962095,amanda.lopes@exemplo.com,https://randomuser.me/api/portraits/women/20.jpg
Mariana Barbosa,1981-03-03,11929765121,mariana.barbosa@exemplo.com,https://randomuser.me/api/portraits/women/17.jpg
Eduardo Barbosa,1998-03-02,11910781761,eduardo.barbosa@exemplo.com,https://randomuser.me/api/portraits/men/25.jpg
Thiago Fernandes,1997-03-02,11930752996,thiago.fernandes@exemplo.com,https://randomuser.me/api/portraits/men/32.jpg
Paulo Alves,1989-03-16,11975055628,paulo.alves@exemplo.com,https://randomuser.me/api/portraits/men/89.jpg
Zara Martins,1983-03-04,11953458654,zara.martins@exemplo.com,https://randomuser.me/api/portraits/women/81.jpg
Diego Souza,1986-03-17,11997725762,diego.souza@exemplo.com,https://randomuser.me/api/portraits/men/60.jpg
Quintino Santos,1997-04-13,11992271614,quintino.santos@exemplo.com,https://randomuser.me/api/portraits/men/14.jpg
Sofia Souza,2004-04-13,11914666999,sofia.souza@exemplo.com,https://randomuser.me/api/portraits/women/33.jpg
Karla Alves,1998-04-01,11912825952,karla.alves@exemplo.com,https://randomuser.me/api/portraits/women/99.jpg
Wagner Soares,2004-04-28,11980443799,wagner.soares@exemplo.com,https://randomuser.me/api/portraits/men/40.jpg
Paulo Carvalho,2005-04-18,11955943789,paulo.carvalho@exemplo.com,https://randomuser.me/api/portraits/men/60.jpg
Zara Ribeiro,1999-04-25,11929034012,zara.ribeiro@exemplo.com,https://randomuser.me/api/portraits/women/80.jpg
Gabriel Alves,1982-04-19,11995213666,gabriel.alves@exemplo.com,https://randomuser.me/api/portraits/men/16.jpg
Daniel Oliveira,1988-04-14,11963967525,daniel.oliveira@exemplo.com,https://randomuser.me/api/portraits/men/62.jpg
Zara Almeida,1986-04-05,11981588744,zara.almeida@exemplo.com,https://randomuser.me/api/portraits/women/35.jpg
Daniel Pereira,1994-04-03,11951699335,daniel.pereira@exemplo.com,https://randomuser.me/api/portraits/men/45.jpg
Fernanda Pereira,1994-05-19,11976227475,fernanda.pereira@exemplo.com,https://randomuser.me/api/portraits/women/64.jpg
Quintino Santos,2002-05-18,11981465619,quintino.santos@exemplo.com,https://randomuser.me/api/portraits/men/64.jpg
Karla Ribeiro,1993-05-14,11923100398,karla.ribeiro@exemplo.com,https://randomuser.me/api/portraits/women/97.jpg
Thiago Gomes,2004-05-03,11932474189,thiago.gomes@exemplo.com,https://randomuser.me/api/portraits/men/82.jpg
Zara Silva,1986-05-24,11953104070,zara.silva@exemplo.com,https://randomuser.me/api/portraits/women/55.jpg
Xavier Soares,1997-05-02,11914147573,xavier.soares@exemplo.com,https://randomuser.me/api/portraits/men/52.jpg
Julia Barbosa,1980-05-01,11952943483,julia.barbosa@exemplo.com,https://randomuser.me/api/portraits/women/7.jpg
Mariana Souza,1996-05-15,11921520541,mariana.souza@exemplo.com,https://randomuser.me/api/portraits/women/31.jpg
Amanda Oliveira,1982-05-24,11923203993,amanda.oliveira@exemplo.com,https://randomuser.me/api/portraits/women/79.jpg
Diego Lima,2002-05-24,11923847011,diego.lima@exemplo.com,https://randomuser.me/api/portraits/men/48.jpg
Eduardo Souza,1983-06-21,11926592096,eduardo.souza@exemplo.com,https://randomuser.me/api/portraits/men/9.jpg
Diego Souza,2001-06-11,11980426546,diego.souza@exemplo.com,https://randomuser.me/api/portraits/men/29.jpg
Helena Ribeiro,1987-06-04,11951469830,helena.ribeiro@exemplo.com,https://randomuser.me/api/portraits/women/86.jpg
Xavier Vieira,2001-06-15,11937242763,xavier.vieira@exemplo.com,https://randomuser.me/api/portraits/men/9.jpg
Julia Lopes,2005-06-18,11942746504,julia.lopes@exemplo.com,https://randomuser.me/api/portraits/women/81.jpg
Camila Alves,1985-06-09,11957717972,camila.alves@exemplo.com,https://randomuser.me/api/portraits/women/8.jpg
Karla Alves,1984-06-18,11948477434,karla.alves@exemplo.com,https://randomuser.me/api/portraits/women/70.jpg
Wagner Oliveira,1988-06-17,11930600120,wagner.oliveira@exemplo.com,https://randomuser.me/api/portraits/men/69.jpg
Eduardo Costa,2004-06-02,11992198466,eduardo.costa@exemplo.com,https://randomuser.me/api/portraits/men/71.jpg
Daniel Oliveira,1981-06-18,11939331142,daniel.oliveira@exemplo.com,https://randomuser.me/api/portraits/men/56.jpg
Paulo Barbosa,1999-07-05,11924924833,paulo.barbosa@exemplo.com,https://randomuser.me/api/portraits/men/89.jpg
Mariana Almeida,1996-07-17,11969575089,mariana.almeida@exemplo.com,https://randomuser.me/api/portraits/women/30.jpg
Thiago Alves,1998-07-05,11913538703,thiago.alves@exemplo.com,https://randomuser.me/api/portraits/men/68.jpg
Rafael Oliveira,1984-07-07,11961982295,rafael.oliveira@exemplo.com,https://randomuser.me/api/portraits/men/18.jpg
Thiago Soares,1983-07-08,11963430904,thiago.soares@exemplo.com,https://randomuser.me/api/portraits/men/46.jpg
Carlos Martins,1986-07-18,11910112325,carlos.martins@exemplo.com,https://randomuser.me/api/portraits/men/58.jpg
Ursula Souza,1996-07-14,11916362844,ursula.souza@exemplo.com,https://randomuser.me/api/portraits/women/18.jpg
Daniel Ribeiro,1983-07-27,11911846002,daniel.ribeiro@exemplo.com,https://randomuser.me/api/portraits/men/12.jpg
Julia Gomes,1988-07-20,11914029173,julia.gomes@exemplo.com,https://randomuser.me/api/portraits/women/13.jpg
Ursula Silva,1988-07-23,11945564844,ursula.silva@exemplo.com,https://randomuser.me/api/portraits/women/61.jpg
Quintino Carvalho,2005-08-28,11956153335,quintino.carvalho@exemplo.com,https://randomuser.me/api/portraits/men/78.jpg
Ana Martins,2002-08-27,11971779905,ana.martins@exemplo.com,https://randomuser.me/api/portraits/women/22.jpg
Sofia Fernandes,1996-08-12,11988856929,sofia.fernandes@exemplo.com,https://randomuser.me/api/portraits/women/29.jpg
Camila Fernandes,2005-08-19,11944503976,camila.fernandes@exemplo.com,https://randomuser.me/api/portraits/women/55.jpg
Quintino Vieira,1988-08-04,11913146135,quintino.vieira@exemplo.com,https://randomuser.me/api/portraits/men/79.jpg
Karla Fernandes,1981-08-10,11917124796,karla.fernandes@exemplo.com,https://randomuser.me/api/portraits/women/7.jpg
Amanda Lima,1989-08-02,11914120551,amanda.lima@exemplo.com,https://randomuser.me/api/portraits/women/46.jpg
Daniel Alves,2001-08-28,11923534227,daniel.alves@exemplo.com,https://randomuser.me/api/portraits/men/21.jpg
Zara Ribeiro,1986-08-22,11922945675,zara.ribeiro@exemplo.com,https://randomuser.me/api/portraits/women/42.jpg
Gabriel Pereira,1991-08-14,11926510831,gabriel.pereira@exemplo.com,https://randomuser.me/api/portraits/men/14.jpg
Vinicius Silva,1998-09-07,11931083770,vinicius.silva@exemplo.com,https://randomuser.me/api/portraits/men/60.jpg
Olivia Martins,1989-09-23,11931449903,olivia.martins@exemplo.com,https://randomuser.me/api/portraits/women/50.jpg
Lucas Martins,2000-09-28,11922529328,lucas.martins@exemplo.com,https://randomuser.me/api/portraits/men/94.jpg
Quintino Souza,1998-09-26,11912005356,quintino.souza@exemplo.com,https://randomuser.me/api/portraits/men/52.jpg
Mariana Rodrigues,2003-09-12,11983588814,mariana.rodrigues@exemplo.com,https://randomuser.me/api/portraits/women/93.jpg
Rafael Almeida,1999-09-23,11921911945,rafael.almeida@exemplo.com,https://randomuser.me/api/portraits/men/70.jpg
Lucas Pereira,1982-09-09,11918632740,lucas.pereira@exemplo.com,https://randomuser.me/api/portraits/men/65.jpg
Vinicius Ferreira,1989-09-28,11948132758,vinicius.ferreira@exemplo.com,https://randomuser.me/api/portraits/men/93.jpg
Lucas Costa,1995-09-06,11958866354,lucas.costa@exemplo.com,https://randomuser.me/api/portraits/men/79.jpg
Xavier Rodrigues,1982-09-05,11932155074,xavier.rodrigues@exemplo.com,https://randomuser.me/api/portraits/men/25.jpg
Vinicius Carvalho,1986-10-09,11962542743,vinicius.carvalho@exemplo.com,https://randomuser.me/api/portraits/men/43.jpg
Paulo Lima,1998-10-21,11927387189,paulo.lima@exemplo.com,https://randomuser.me/api/portraits/men/72.jpg
Olivia Silva,1992-10-10,11939587710,olivia.silva@exemplo.com,https://randomuser.me/api/portraits/women/51.jpg
Diego Ferreira,1981-10-12,11961584830,diego.ferreira@exemplo.com,https://randomuser.me/api/portraits/men/68.jpg
Beatriz Oliveira,1986-10-17,11961735092,beatriz.oliveira@exemplo.com,https://randomuser.me/api/portraits/men/37.jpg
Gabriel Costa,2000-10-12,11922249747,gabriel.costa@exemplo.com,https://randomuser.me/api/portraits/men/91.jpg
Fernanda Oliveira,1994-10-22,11973413814,fernanda.oliveira@exemplo.com,https://randomuser.me/api/portraits/women/99.jpg
Yuri Lima,2001-10-10,11956030056,yuri.lima@exemplo.com,https://randomuser.me/api/portraits/men/34.jpg
Paulo Vieira,1990-10-25,11914037622,paulo.vieira@exemplo.com,https://randomuser.me/api/portraits/men/60.jpg
Quintino Lima,1984-10-14,11967573792,quintino.lima@exemplo.com,https://randomuser.me/api/portraits/men/9.jpg
Diego Soares,2001-11-08,11915829468,diego.soares@exemplo.com,https://randomuser.me/api/portraits/men/48.jpg
Nicolas Barbosa,1989-11-16,11946838225,nicolas.barbosa@exemplo.com,https://randomuser.me/api/portraits/men/52.jpg
Nicolas Vieira,1995-11-17,11969560052,nicolas.vieira@exemplo.com,https://randomuser.me/api/portraits/men/22.jpg
Bruno Pereira,1995-11-22,11976140538,bruno.pereira@exemplo.com,https://randomuser.me/api/portraits/men/44.jpg
Fernanda Gomes,1998-11-16,11932515377,fernanda.gomes@exemplo.com,https://randomuser.me/api/portraits/women/12.jpg
Nicolas Lima,2003-11-28,11914744847,nicolas.lima@exemplo.com,https://randomuser.me/api/portraits/men/14.jpg
Paulo Santos,1986-11-25,11915204702,paulo.santos@exemplo.com,https://randomuser.me/api/portraits/men/42.jpg
Ursula Costa,1988-11-24,11925880749,ursula.costa@exemplo.com,https://randomuser.me/api/portraits/women/26.jpg
Ana Santos,1984-11-22,11998616005,ana.santos@exemplo.com,https://randomuser.me/api/portraits/women/24.jpg
Ana Barbosa,1987-11-02,11943272833,ana.barbosa@exemplo.com,https://randomuser.me/api/portraits/women/92.jpg
Sofia Martins,1988-12-08,11915629237,sofia.martins@exemplo.com,https://randomuser.me/api/portraits/women/39.jpg
Olivia Ribeiro,1983-12-25,11928574360,olivia.ribeiro@exemplo.com,https://randomuser.me/api/portraits/women/67.jpg
Thiago Ribeiro,1999-12-07,11955207673,thiago.ribeiro@exemplo.com,https://randomuser.me/api/portraits/men/57.jpg
Olivia Fernandes,2000-12-18,11917057980,olivia.fernandes@exemplo.com,https://randomuser.me/api/portraits/women/16.jpg
Lucas Silva,1986-12-06,11946783543,lucas.silva@exemplo.com,https://randomuser.me/api/portraits/men/65.jpg
Zara Vieira,1988-12-10,11925942246,zara.vieira@exemplo.com,https://randomuser.me/api/portraits/women/58.jpg
Camila Lima,1981-12-07,11979513593,camila.lima@exemplo.com,https://randomuser.me/api/portraits/women/17.jpg
Diego Almeida,1988-12-11,11926862579,diego.almeida@exemplo.com,https://randomuser.me/api/portraits/men/61.jpg
Camila Santos,1985-12-08,11937218594,camila.santos@exemplo.com,https://randomuser.me/api/portraits/women/60.jpg
Diego Souza,2001-12-16,11979650401,diego.souza@exemplo.com,https://randomuser.me/api/portraits/men/17.jpg